content,outcome
1 pháº§n bÃ¡nh mÃ¬ bÃ² kho giao 122 an bÃ¬nh q.5 - 0908 025 167,potential
Sao khinh qua vay quan 11 ko sip ha nhoc,bad
O quan 3 ship bao nhieu con,potential
á»Ÿ gáº§n mÃ  khÃ´ng Ä‘Æ°á»£c cho Ä‘i ,bad
Mua 4 phan do con,potential
Sang Mai ban gi ,question
Cho2 pháº§n bo kho láº¥y cá»§ cáº£i nhiá»u,potential
E cáº£m Æ¡n chá»‹ nhÃ¬u áº¡ ,good
OK ngon. ,good
Ráº» vs ngon tuyá»‡t dá»i cÃ²n free ship q11. Chuyáº¿n sau order bÃºn nhiá»u Äƒn cho Ä‘Ã£ cÃ¡i náº¿t má»›i Ä‘c ğŸ˜‹ğŸ˜‹ğŸ˜‹ğŸ˜‹,good
CÃ³ ship Q 1 o váº­y Em ???,question
Háº¥p dáº©n quÃ¡,potential
2 phan  bo  kho  co  sip  quan  12  ko,question
Ngon ,good
Ngon ,good
ğŸ˜— ,good
"CHUYÃŠN HÃ€NG Sá»ˆ & Láºº

ğŸ¡ ÄC: P3Q6
â˜  0931429880 
ğŸ“¢    CHUYÃŠN CUNG Cáº¤P  :  Cá»“n y táº¿  , Cá»“n sÃ¡t khuáº©n.... 70 Ä‘á»™ ,90 Ä‘á»™  ,96 Ä‘á»™  ....

Cá»“n  70 Ä‘á»™
     âœ´ï¸ GIÃ :  28 k / lÃ­t 
  âœ´ï¸ 140 k /  Can 5 lÃ­t 

Cá»“n 90 Ä‘á»™
      âœ´ï¸ GIÃ  : 32 k / lÃ­t  
   âœ´ï¸ GIÃ  : 160 k /  can 5 lit
â˜‘ï¸  Can em free , khÃ´ng phá»¥ thu nhÃ© má»i ngÆ°á»i ..

ğŸ“£ MIá»„N SHIP Q6  cÃ¡c quáº­n lÃ¢n cáº­n .......
ğŸ“¢ GIAO hÃ ng táº­n nÆ¡i ğŸ”¹ğŸ”¹ğŸ”¹

ğŸ   Em á»Ÿ 76 pháº¡m phÃº thá»© , P3 ,Q6
ğŸ’²Em freeship Q6 .
ğŸ“£ KhÃ¡ch á»Ÿ gáº§n qua mua trá»±c tiáº¿p táº¡i nhÃ  em  .
ğŸ™‡ CÃ¡m Æ¡n má»i ngÆ°á»i á»§ng há»™ ğŸ‘ğŸ‘ğŸ‘",spam
Gia,potential
Ká»‰ niá»‡m láº©u nÆ°á»›ng 0933395523,good
ThiÃªn HÆ°Æ¡ng Tráº§n ,potential
báº¿p size bnhieu tháº¿ c,question
Quan tÃ¢m,potential
Minh mot cai lau nuong nhe,potential
E 1 cÃ¡i áº¡,potential
.,potential
E cÃ²n ná»“i chiÃªn k dáº§u k Diá»‡p ,question
chÆ°a tháº¥y chá»‘t Ä‘Æ¡n nt cÅ©ng ko tháº¥y shop pháº£n há»“i,bad
Hiá»n Nguyá»…n mua ko,potential
QuyÃªn LÃª,potential
ChÆ°a tháº¥y chá»‘t Ä‘Æ¡n e a,bad
Sao khÃ´ng tháº¥y chá»‘t Ä‘Æ¡n cho em váº­y chá»‹,bad
CÃ²n k áº¡,question
Xin giÃ¡,question
"Em Æ¡i inbox chá»‹ nha , giao báº¿p nÆ°á»›ng mini 125k bá»‹ vá»¡ , Ä‘á»•i khÃ¡c dÃ¹m nha",bad
NhÃ¬u váº­y chá»‹,bad
Ib cho e vá»›i áº¡ . E nháº¯n tin rá»“i   c rÃ©p há»™ e nick Diá»‡p TrÆ°Æ¡ng,bad
Háº¥p dáº©n quÃ¡ ... cáº§u chÃºc cho con buÃ´n bÃ¡n thuáº­n lá»£i,bad
ChÃºc anh phi mua may bÃ¡n Ä‘áº¯t,bad
ChÃ¢n gÃ  báº©n,bad
CÆ¡m vÃ  Ä‘á»“ Äƒn ngon nhÆ°ng nc cháº¥m máº·n.,bad
khi ship Ä‘áº¿n há»™p sá»‘t trá»©ng mÃºi bá»‹ vá»¡,bad
máº¯c,bad
Ngon láº¯m áº¡. em 2 há»™p ná»¯a nha,good
Báº¿p loáº¡i nÃ y nÆ°á»›ng dá»¡ láº¯m,bad
Báº¿p nÃ y bao nhiÃªu báº¡n Æ¡i,question
báº¿p nÆ°á»›ng nÃ y bao nhiÃªu báº¡n Æ¡i,question
báº¿p nÃ y giÃ¡ nhiÃªu váº­y,question
"ship tá»›i báº¿p vá»¡, ib mÃ¬nh gáº¥p",bad
"ngon, Äƒn xong thÃ¨m nhá» dÃ£i muá»‘n Äƒn ná»­a",good
MLEM,potential
"quÃ¡n nÃ y ngon, ráº», anh chá»§ ráº¥t nhiá»‡t tÃ¬nh, recommended",good
chÆ°a tháº¥y chá»‘t Ä‘Æ¡n e a,bad
Ä‘au vÃ­ quÃ¡,potential
NÄƒm nay coi nhÆ° bá» ğŸ˜”,bad
Leona Huynh note láº¡i b ei. Má»‘t thÆ° thÆ° Ä‘i nha,potential
Vinh Hao thÃ¨m láº©u boÃ ,potential
CÃ³  Giao  tá»›i  nhÃ   ko,question
Äá»— Tiáº¿n  len lich nha. SaP het dich oi ğŸ¤£ğŸ¤£ğŸ¤£,potential
Maii Triinh mÆ°a lÃ m cÃ¡i láº©u bÃ² viÃªn thÃªm tÃ­ rÆ°á»£u ngá»§ ngon ha bÃ©,potential
Láº©u  bÃ² gá»—  bÃ¡n  sao váº­y  em,question
Xa quÃ¡ xa,bad
PhÆ°Æ¡ng Thuá»³  háº¿t dá»‹ch Ä‘i Äƒn nhÃ©,potential
Láº©u thÃ¡i háº£i sáº£n chua cay Äƒn thÃ´i rá»“i,good
Pháº¡m TÃ¹ng  Nguyá»…n Thanh TÃ¹ng Ä‘i Äƒn nÃ y ngon nÃ¨k,good
Tráº§n Thá»‹ Yáº¿n Nhi,potential
Ngá»c Quá»³nh Ngá»c HÃ  Thá»§y NgÃ¢n ,potential
NhÆ° Háº£o,potential
Quynh Nhi,potential
Nguyá»…n Mai PhÆ°Æ¡ng Huyá»n LÃª Tháº£o Linh NhÆ° Quá»³nh ğŸ˜ª,potential
ÄÃ o XuÃ¢n Má»¹ DuyÃªn,potential
Nga Huynh,potential
Nguyá»…n Huá»³nh VÃ¢n Thanh,potential
VÆ°Æ¡ng Thanh Huyá»n,potential
Cáº©m NguyÃªn,potential
Nguyá»…n PhÆ°Æ¡ng TÃ i,potential
Yáº¿n Nhi,potential
Jane.H Diá»…m Tuyen Nguyen,potential
Long Háº£i,potential
Mai UyÃªn,potential
TÃ­n LÃª,potential
ğŸš˜ â˜®ï¸ #Dáº§u_Nháº­t_IKO - Sáº£n Pháº©m Äiá»u Trá»‹ Xuáº¥t Tinh Sá»›m Sá»‘ 1 Táº¡i Nháº­t Báº£n -  BÃ­ Quyáº¿t GiÃºp TÄƒng TÄƒng Thá»i Gian Quan Há»‡ TrÃªn 30 PhÃºt - Cam Káº¿t An ToÃ n Cháº¥t LÆ°á»£ng Hiá»‡u Quáº£ - LiÃªn Há»‡ Facebook : @daunhatikopage Äá»ƒ ÄÆ°á»£c Há»— Trá»£ â˜¦ï¸ ğŸšš,spam
ğŸ§ â€ğŸ‘¦ #Dáº§u_Nháº­t_IKO - Sáº£n Pháº©m Äiá»u Trá»‹ Xuáº¥t Tinh Sá»›m Sá»‘ 1 Táº¡i Nháº­t Báº£n -  BÃ­ Quyáº¿t GiÃºp TÄƒng TÄƒng Thá»i Gian Quan Há»‡ TrÃªn 30 PhÃºt - Cam Káº¿t An ToÃ n Cháº¥t LÆ°á»£ng Hiá»‡u Quáº£ - LiÃªn Há»‡ Facebook : @daunhatikopage Äá»ƒ ÄÆ°á»£c Há»— Trá»£ ğŸ ğŸ“§,spam
ğŸ‹ï¸ #Dáº§u_Nháº­t_IKO - Sáº£n Pháº©m Äiá»u Trá»‹ Xuáº¥t Tinh Sá»›m Sá»‘ 1 Táº¡i Nháº­t Báº£n -  BÃ­ Quyáº¿t GiÃºp TÄƒng TÄƒng Thá»i Gian Quan Há»‡ TrÃªn 30 PhÃºt - Cam Káº¿t An ToÃ n Cháº¥t LÆ°á»£ng Hiá»‡u Quáº£ - LiÃªn Há»‡ Facebook : @daunhatikopage Äá»ƒ ÄÆ°á»£c Há»— Trá»£ ğŸ’‚,spam
ğŸ• ğŸ‘¸ #Dáº§u_Nháº­t_IKO - Sáº£n Pháº©m Äiá»u Trá»‹ Xuáº¥t Tinh Sá»›m Sá»‘ 1 Táº¡i Nháº­t Báº£n -  BÃ­ Quyáº¿t GiÃºp TÄƒng TÄƒng Thá»i Gian Quan Há»‡ TrÃªn 30 PhÃºt - Cam Káº¿t An ToÃ n Cháº¥t LÆ°á»£ng Hiá»‡u Quáº£ - LiÃªn Há»‡ Facebook : @daunhatikopage Äá»ƒ ÄÆ°á»£c Há»— Trá»£ ğŸ« ğŸ’Ÿ,spam
Má»i ngÆ°á»i Æ¡i GRAB Ä‘ang cÃ³ MÃƒ CODE THáº¦N DEAL GIáº¢M 30K ÄÆ N 80K GRABFOOD,spam
Mn qua xem kÃ­nh Ä‘áº¹p cÃ³ sáºµn nhÃ©,spam
HÃ ng cÃ³ sáºµn má»i má»i ngÆ°á»i ghÃ© xem nhÃ©,spam
Mua sá»‘t vá» tá»± náº¥u tokbboki Ä‘Ã¢y áº¡,spam
quÃ¡n m cÃ³ bÃ¡n an tai chá»— ko v,question
chu chi ship khong vay,question
Ä‘auuuuuu lÃ²ng,bad
Ngon láº¯m nhÃ©. Má»›i ghÃ© Äƒn,good
CÃ¡i nÃ y Ä‘Æ°á»£c,good
Yishin Yu ngon quÃ¡ a,good
Ã”i ráº» quÃ©,good
BÃ¬nh DÆ°Æ¡ng ship khÃ´ng áº¡,question
khi nÃ o má»›i Ä‘Æ°á»£c la cÃ  quÃ¡n xÃ¡ Ä‘Ã¢y,potential
"CÃ¡c Ã´ng cÃ¡c bÃ  review tháº¿ nÃ o Ã­. Review toÃ n 100k/ng Äƒn Ä‘Æ°á»£c, t Ä‘i Äƒn toÃ n pháº£i gáº¥p Ä‘Ã´i chá»© 100k má»›i lÆ°á»›t qua 1 lÆ°á»£t báº¿p nÆ°á»›ng cháº£ bÃµ dÃ­nh rÄƒng",bad
mÃ¬nh Äƒn á»Ÿ Ä‘Ã¢y nhÃ¬u láº§n rÃ¹i. NhÆ°ng chÆ°a láº§n nÃ o Ä‘c giá»›i thiá»‡u hay tháº¥y cÃ³ khay phomai nhÆ° chá»§ tus. Thá»‹t nÆ°á»›ng táº©m Æ°á»›p cÅ©ng oke giÃ¡ cÅ©ng ráº». CÆ¡ mÃ  hiá»‡n táº¡i quÃ¡n dá»¡ háº¿t rÃ¹i ko biáº¿t lÃ  Ä‘Ã³ng cá»­a hay sá»­a sang láº¡i,bad
Tá»«ng thá»­ vÃ  sáº½ khÃ´ng bao giá» quay láº¡i,bad
Tuyá»‡t vá»i,good
QuÃ¡ Ä‘á»‰nh luÃ´n,good
Cá»© tin máº¥y em seeding trÃªn máº¡ng vá»›i vÃ i ba bá»©c áº£nh lÃ m mÃ u liá»u mÃ¬nh Ä‘áº¿n thá»­ vÃ i láº§n Ã´i thÃ´i tháº¥t cmn vá»ng :)))),bad
NgÃ´ Tuáº¥n HÆ°ng :<,potential
Má»¹ DuyÃªn,potential
Nguyá»…n Ngá»c Ãnh,potential
PhÆ°Æ¡ng Ly,potential
NgÃ´ Huyá»n Minh,potential
Báº¡n Ä‘Ã£ sá»­ dá»¥ng nhiá»u loáº¡i nhÆ°ng váº«n ko giáº£m Ä‘Æ°á»£c? Tham kháº£o ngÆ°á»i khÃ¡c Ä‘Ã£ dÃ¹ng tá»‘t hÆ¡n lÃ  chá»‰ nhÃ¬n vÃ o quáº£ng cÃ¡o,spam
Tráº§n Tuáº¥n TÃº Ä‘ang Ä‘Ã³i thÃ¬ nÃ³ quáº£ng gÃ¡o,potential
Bcs CHÃNH HÃƒNG 100%,spam
ThÆ° ThÆ° thÃ­ch Äƒn thá»‹t nhÆ° nÃ y.!,potential
KhÃ´ng pháº£i lÃ  bufe AK Äƒn thoáº£i mai hay sao,question
cho mÃ¬nh xem áº£nh combo 325k vá»›i áº¡,question
Ä‚n thuong xuyÃªn nhÆ°ng chÆ°a bg dc Äƒn suáº¥t 199k 2 ngÆ°á»i vÃ  cÅ©ng k tháº¥y tÆ° váº¥n,bad
Láº©u thÃ¡i thÃ¬ nay lÃªn luÃ´n. Láº©u nÆ°á»›ng láº¡i k muá»‘n Äƒn,bad
2 ngÆ°Æ¡Ì€i lÆ¡Ìn 1 treÌ‰ con bao nhiu ah?,question
CÃ´ng nháº­n zÃº tÆ°Æ¡i tháº­t :))),spam
"Muá»‘n giáº£m má»¡ thá»«a an toÃ n vÃ  hiá»‡u quáº£ khuyÃªn báº¡n hÃ£y chá»n shop uy tÃ­n, nhiá»u ngÆ°á»i Ä‘Ã£ dÃ¹ng vÃ  xem review cá»§a há» nha. Tham kháº£o qua ngÆ°á»i Ä‘Ã£ sá»­ dá»¥ng tá»‘t hÆ¡n lÃ  tin vÃ o hotgirl nháº­n tiá»n Ä‘á»ƒ quáº£ng cÃ¡o",spam
500K LÃ€M GÃŒ CÃ“ Lá»¢I NHUáº¬N Vá»€ VÃ TIá»€N HÃ€NG NGÃ€Y?,spam
Háº¥p dáº«n ghÃª,potential
NhÃ¬n ngon tháº­t,potential
Vá»«a nÆ°á»›ng vá»«a zÃº luÃ´n. NÆ°á»›ng cÅ©ng tÆ°Æ¡i mÃ  zÃº cÅ©ng tÆ°Æ¡i,potential
Báº¿p nÆ°á»›ng báº±ng than hay cá»“n váº­y áº¡,question
CÃ³ chao Ä‘á»ƒ kho tÃ´ k shop,question
Cá»¡ 28cm 129k lÃ  má»—i cháº£o áº¡,question
Cháº£o nÆ°á»›ng giÃ¡ tn áº¡,question
Chá»‹ Æ¡i gá»­i hÃ ng cho e chÆ°a mÃ  lÃ¢u quÃ¡ khÃ´ng tháº¥y,bad
Khay nÆ°á»›ng nÃ y nÆ°á»›ng dc trÃªn báº¿p ga mini khÃ´ng,question
Cháº£o nÃ y nÆ°á»›ng dá»Ÿ,bad
Ráº¥t tá»‡,bad
KhÃ´ng bao giá» muá»‘n quay láº¡i chá»— nÃ y,bad
KhÃ´ng ngon nhÆ° mÃ¬nh tÆ°á»Ÿng,bad
CÃ³ mua mang vá» Ä‘Æ°á»£c khÃ´ng áº¡?,question
Äá»ƒ rá»§ báº¡n Äƒn thá»­ xem nhÆ° tháº¿ nÃ o,potential
Rá»§ báº¡n bÃ¨ cá»§a mÃ¬nh Ä‘i Äƒn thá»­ nÃ o,potential
